ID; Date; type; name; number; cost; totCost;;;;;;
0;20121101;Еда;Капуста;1.0;5.6;5.6;;;;;;
1;20121101;Медицина;Пломба;1.0;250.0;250.0;;;;;;
2;20121101;Еда;Творог;1.0;28.0;28.0;;;;;;
3;20121101;Медицина;Чистка зубов;1.0;150.0;150.0;;;;;;
4;20121102;Хоз.Товары;Зубная паста Lacalut basic;1.0;17.2;17.2;;;;;;
5;20121102;Хоз.Товары;Зубная паста Lacalut fluor;1.0;19.9;19.9;;;;;;
6;20121102;Еда;Куриное филе;1.0;40.5;40.5;;;;;;
7;20121102;Еда;Огурцы;1.0;18.0;18.0;;;;;;
8;20121102;Прочее;Открытка;1.0;4.8;4.8;;;;;;
9;20121102;Еда;Помидоры;1.0;17.0;17.0;;;;;;
10;20121102;Хоз.Товары;Спички;2.0;0.3;0.6;;;;;;
11;20121105;Кварт. услуги;Абонплата Портмоне;1.0;9.9;9.9;;;;;;
12;20121105;Хоз.Товары;Грунт;1.0;16.5;16.5;;;;;;
13;20121105;Прочее;Замок почтового ящика;1.0;9.0;9.0;;;;;;
14;20121105;Еда;Зелень;2.0;2.0;4.0;;;;;;
15;20121105;Кварт. услуги;Квартплата;1.0;367.63;367.63;;;;;;
16;20121105;Прочее;Леша свадьба;1.0;1100.0;1100.0;;;;;;
17;20121105;Еда;Сметана;1.0;15.5;15.5;;;;;;
18;20121105;Кварт. услуги;Электричество;1.0;24.1;24.1;;;;;;
19;20121020;Одежда;Ботинки;1.0;550.0;550.0;;;;;;
20;20121020;Одежда;Брюки;1.0;590.0;590.0;;;;;;
21;20121020;Еда;Закваска;1.0;8.5;8.5;;;;;;
22;20121020;Одежда;Куртка;1.0;990.0;990.0;;;;;;
23;20121020;Еда;Мясо свинина;1.0;77.0;77.0;;;;;;
24;20121020;Еда;Перец;1.0;12.0;12.0;;;;;;
25;20121020;Еда;Помидоры;1.0;12.0;12.0;;;;;;
26;20121020;Хоз.Товары;термометр;1.0;50.0;50.0;;;;;;
27;20121021;Еда;бананы;1.0;20.0;20.0;;;;;;
28;20121021;Еда;виноград;1.5;30.0;45.0;;;;;;
29;20121021;Хоз.Товары;гладильная доска;1.0;370.0;370.0;;;;;;
30;20121021;Хоз.Товары;утюг;1.0;379.0;379.0;;;;;;
31;20121025;Хоз.Товары;Вилки;6.0;8.0;48.0;;;;;;
32;20121025;Еда;Вино Саперави;1.0;66.99;66.99;;;;;;
33;20121025;Еда;Виноград;1.85;30.0;55.5;;;;;;
34;20121025;Еда;Горошек консервированный;1.0;8.79;8.79;;;;;;
35;20121025;Хоз.Товары;Заварник для чая;1.0;79.94;79.94;;;;;;
36;20121025;Еда;Капуста пекинская;1.0;4.0;4.0;;;;;;
37;20121025;Хоз.Товары;Кастрюля большая;1.0;140.0;140.0;;;;;;
38;20121025;Еда;Конфеты Корона Асорти;1.0;26.24;26.24;;;;;;
39;20121025;Еда;Креветки;1.0;54.17;54.17;;;;;;
40;20121025;Еда;Кукуруза консервированная;1.0;10.04;10.04;;;;;;
41;20121025;Еда;Куриные бедрышки;1.93;22.6;43.618;;;;;;
42;20121025;Хоз.Товары;Лампа 100 Вт;1.0;3.48;3.48;;;;;;
43;20121025;Хоз.Товары;Лампочка 100Вт;1.0;5.0;5.0;;;;;;
44;20121025;Хоз.Товары;Лампочка 12В 20Вт;2.0;5.0;10.0;;;;;;
45;20121025;Еда;Лимон;2.0;3.0;6.0;;;;;;
46;20121025;Еда;Огурцы;1.0;15.0;15.0;;;;;;
47;20121025;Еда;Оливки 300г;1.0;13.78;13.78;;;;;;
48;20121025;Хоз.Товары;Пакет;1.0;0.5;0.5;;;;;;
49;20121025;Хоз.Товары;Патрон;2.0;4.5;9.0;;;;;;
50;20121025;Еда;Перец;0.33;6.0;1.98;;;;;;
51;20121025;Еда;Перец черный меленый;1.0;3.34;3.34;;;;;;
52;20121025;Хоз.Товары;Салфетки;1.0;4.27;4.27;;;;;;
53;20121025;Хоз.Товары;Скатерть;2.0;220.0;440.0;;;;;;
54;20121025;Еда;Сметана;1.0;6.85;6.85;;;;;;
55;20121025;Хоз.Товары;Стопка стеклянная;1.0;2.99;2.99;;;;;;
56;20121025;Хоз.Товары;Судок стеклянный;1.0;100.0;100.0;;;;;;
57;20121025;Еда;Творог;1.61;40.7;65.52;;;;;;
58;20121025;Еда;Уксус 250г;1.0;14.99;14.99;;;;;;
59;20121025;Еда;Хлеб украинский;1.0;1.95;1.95;;;;;;
60;20121025;Хоз.Товары;Чашки;2.0;15.0;30.0;;;;;;
61;20121029;Еда;Масло оливковое;1.0;91.84;91.84;;;;;;
62;20121029;Еда;Яйца;10.0;1.0;10.0;;;;;;
63;20121030;Электроника;Аккумуляторы АА;8.0;25.0;200.0;;;;;;
64;20121030;Еда;Огурцы;1.0;12.75;12.75;;;;;;
65;20121030;Еда;Помидоры;1.0;10.0;10.0;;;;;;
66;20121108;Снаряжение;Велосипед с мелочами;1.0;5300.0;5300.0;;;;;;
67;20121108;Электроника;Аккумулятор BP511;1.0;100.0;100.0;;;;;;
68;20121108;Электроника;Пленка защитная экрана;2.0;20.0;40.0;;;;;;
69;20121109;Еда;Творог;1.65;35.0;57.75;;;;;;
70;20121109;Еда;Сельдерей;2.0;2.25;4.5;;;;;;
71;20121109;Еда;Редька зеленая;3.0;2.0;6.0;;;;;;
72;20121109;Еда;Яйца;10.0;1.1;11.0;;;;;;
74;20121109;Хоз.Товары;Точилка ножа;1.0;6.0;6.0;;;;;;
75;20121109;Прочее;Концерт в доме органной музыки;1.0;50.0;50.0;;;;;;
76;20121109;Прочее;Концерт в доме органной музыки;1.0;70.0;70.0;;;;;;
77;20121108;Электроника;Аккумулятор BP511;1.0;100.0;100.0;;;;;;
78;20121108;Электроника;Пленка защитная экрана;2.0;20.0;40.0;;;;;;
79;20121109;Еда;Творог;1.65;35.0;57.75;;;;;;
80;20121109;Еда;Сельдерей;2.0;2.25;4.5;;;;;;
81;20121109;Еда;Редька зеленая;3.0;2.0;6.0;;;;;;
82;20121109;Еда;Яйца;10.0;1.1;11.0;;;;;;
83;20121109;Хоз.Товары;Точилка ножа;1.0;6.0;6.0;;;;;;
84;20121109;Прочее;Концерт в доме органной музыки;1.0;50.0;50.0;;;;;;
85;20121109;Прочее;Концерт в доме органной музыки;1.0;70.0;70.0;;;;;;
86;20121111;Прочее;Подарок ДР;1.0;100.0;100.0;;;;;;
87;20121112;Еда;Орехи и сухофрукты;1.0;315.0;315.0;;;;;;
88;20121112;Еда;Хлеб заварной;0.5;9.0;4.5;;;;;;
89;20121112;Еда;бананы;1.0;18.05;18.05;;;;;;
90;20121112;Еда;Сыр Бри;1.0;21.74;21.74;;;;;;
91;20121112;Прочее;Презервативы;1.0;15.6;15.6;;;;;;
92;20121112;Прочее;Кафе;1.0;200.0;200.0;;;;;;
93;20121112;Еда;Гречка;2.0;10.5;21.094;20121101;Еда;Капуста;1.0;5.6;5.6
94;20121113;Еда;Куриное филе;1.0;41.89;41.89;;;;;;
95;20121113;Еда;Куриные бедрышки;1.0;32.71;32.71;;;;;;
96;20121114;Еда;Сыр Гауда;0.2;65.0;13.0;;;;;;
97;20121115;Еда;Виноград;2.65;20.0;53.0;;;;;;
98;20121115;Еда;Творог;1.5;30.0;45.0;;;;;;
99;20121115;Еда;Яблоки;7.0;1.35;9.45;;;;;;
100;20121116;Прочее;Кафе;1.0;140.0;140.0;;;;;;
101;20121116;Снаряжение;Гантель;1.0;621.0;621.0;;;;;;
102;20121116;Снаряжение;Диск 25мм;2.0;228.0;456.0;;;;;;
103;20121118;Еда;Зелень;2.0;2.0;4.0;;;;;;
104;20121118;Еда;Капуста;1.0;5.3;5.3;;;;;;
105;20121118;Еда;Вода Моршинская 1л;1.0;6.5;6.5;;;;;;
106;20121119;Медицина;Панорамный снимок зубов;1.0;67.0;67.0;;;;;;
107;20121120;Снаряжение;Шлем велосипедный;1.0;219.0;219.0;;;;;;
108;20121120;Снаряжение;Промывка цепи;1.0;100.0;100.0;;;;;;
109;20121120;Снаряжение;Смазка цепи;1.0;100.0;100.0;;;;;;
110;20121120;Снаряжение;Промывочное устройство;1.0;76.0;76.0;;;;;;
111;20121120;Медицина;Бальзам для губ;1.0;6.43;6.43;;;;;;
112;20121120;Еда;Индюшатина;1.75;47.8;83.65;;;;;;
113;20121120;Еда;Куриное филе;1.1;38.0;41.8;;;;;;
114;20121121;Еда;Творог;2.0;30.0;60.0;;;;;;
115;20121121;Еда;Тыква;2.5;4.4;11.0;;;;;;
116;20121121;Медицина;Ибупрофен;1.0;7.25;7.25;;;;;;
117;20121121;Медицина;Кеторол;1.0;13.5;13.5;;;;;;
118;20121121;Медицина;Амоксиклав;1.0;63.75;63.75;;;;;;
119;20121121;Медицина;Лоратадин;1.0;5.25;5.25;;;;;;
120;20121123;Медицина;Удаление зубов;2.0;950.0;1900.0;;;;;;
121;20121127;Еда;Чай зеленый;1.0;16.0;16.0;;;;;;
122;20121127;Еда;Чай черный;1.0;12.5;12.5;;;;;;
123;20121127;Медицина;Осмотр у стоматолога;1.0;50.0;50.0;;;;;;
124;20121127;Хоз.Товары;Мешок полиэтиленовый;2.0;6.0;12.0;;;;;;
125;20121127;Хоз.Товары;Банка стеклянная 0.5л с крышкой;2.0;30.0;60.0;;;;;;
126;20121128;Еда;Редька зеленая;1.25;9.0;11.25;;;;;;
127;20121128;Еда;Редька белая;1.25;9.0;11.25;;;;;;
128;20121128;Еда;Сельдерей;0.5;12.0;6.0;;;;;;
129;20121128;Хоз.Товары;Щетка;1.0;10.0;10.0;;;;;;
130;20121128;Хоз.Товары;Сковорода;1.0;90.0;90.0;;;;;;
131;20121128;Снаряжение;Перчатки;1.0;160.0;160.0;;;;;;
132;20121129;Еда;Творог;2.0;30.0;60.0;;;;;;
133;20121129;Еда;Сметана;0.5;21.0;10.5;;;;;;
134;20121129;Еда;Чай зеленый;1.0;7.0;7.0;;;;;;
135;20121129;Еда;Чай черный;1.0;15.0;15.0;;;;;;
136;20121129;Еда;Зелень;2.0;3.0;6.0;;;;;;
137;20121201;Еда;бананы;1.32;14.5;19.140001;;;;;;
138;20121201;Еда;Гречка;2.0;11.0;22.0;;;;;;
139;20121201;Еда;Яйца;10.0;1.15;11.5;;;;;;
140;20121201;Еда;Куриное филе;1.15;38.5;44.274998;;;;;;
141;20121204;Кварт. услуги;Электричество;203.0;0.302;61.305996;;;;;;
142;20121204;Кварт. услуги;Портмоне;1.0;9.9;9.9;;;;;;
143;20121204;Кварт. услуги;Квартира;1.0;391.68;391.68;;;;;;
144;20121204;Еда;Творог;2.0;30.0;60.0;;;;;;
145;20121204;Кварт. услуги;Интернет;1.0;100.0;100.0;;;;;;
146;20121205;Еда;Морковь;2.0;5.0;10.0;;;;;;
147;20121205;Хоз.Товары;Силиконовый герметик;1.0;20.0;20.0;;;;;;
148;20121205;Медицина;Перекись водорода;1.0;2.36;2.36;;;;;;
149;20121205;Медицина;Удаление зубов;2.0;350.0;700.0;;;;;;
150;20121205;Прочее;Балклава;1.0;190.0;190.0;;;;;;
151;20121206;Хоз.Товары;Зубная паста Lacalut fluor;1.0;24.35;24.35;;;;;;
152;20121206;Еда;Куриное филе;1.15;38.5;44.274998;;;;;;
153;20121206;Еда;Куриные бедрышки;1.15;28.5;32.774998;;;;;;
154;20121208;Еда;Творог;2.25;30.0;67.5;;;;;;
155;20121208;Еда;Сметана;0.5;16.0;8.0;;;;;;
156;20121209;Еда;бананы;1.0;15.65;15.65;;;;;;
157;20121209;Еда;Мандарины;0.975;20.0;19.5;;;;;;
158;20121209;Прочее;Нитка для зубов;1.0;22.68;22.68;;;;;;
159;20121210;Еда;Кефир;1.0;10.5;10.5;;;;;;
160;20121210;Еда;Куриные бедрышки;1.42;28.5;40.469997;;;;;;
161;20121210;Хоз.Товары;Набор швейных игл;1.0;7.0;7.0;;;;;;
162;20121210;Хоз.Товары;Катушка ниток;1.0;3.0;3.0;;;;;;
163;20121210;Хоз.Товары;Валик для чистки одежды;1.0;22.0;22.0;;;;;;
164;20121212;Еда;Творог;2.0;30.0;60.0;;;;;;
165;20121212;Хоз.Товары;Мыло туалетное;1.0;11.0;11.0;;;;;;
166;20121212;Хоз.Товары;Емкость пластиковая 1.5л;1.0;15.0;15.0;;;;;;
167;20121212;Одежда;Брюки;1.0;368.0;368.0;;;;;;
168;20121212;Одежда;Шапка;1.0;50.0;50.0;;;;;;
166;20121213;Электроника;Аккумулятор BP511A;1.0;168.0;168.0;;;;;;
166;20121213;Еда;Сухофрукты;2.55;40.0;102.0;;;;;;
167;20121213;Еда;Сельдерей;3.0;3.7;11.1;;;;;;
168;20121213;Еда;Тыква;1.0;15.0;15.0;;;;;;
169;20121216;Еда;Творог;0.5;30.0;15.0;;;;;;
170;20121216;Еда;Индюшатина;1.1621;47.5;55.19975;;;;;;
171;20121216;Еда;Куриное филе;0.95;40.5;38.475;;;;;;
172;20121216;Еда;Творог;2.0;32.0;64.0;;;;;;
173;20121218;Прочее;Оплата мобильного телефона;1.0;200.0;200.0;;;;;;
174;20121219;Хоз.Товары;Емкости пластиковые 1.2 - 0.5л;3.0;10.0;30.0;;;;;;
175;20121219;Электроника;Кабель для Nokia 2610;1.0;30.0;30.0;;;;;;
176;20121219;Еда;Моская капуста;1.0;14.0;14.0;;;;;;
177;20121219;Еда;Творог;2.0;35.0;70.0;;;;;;
178;20121219;Еда;Мандарины;1.1;13.0;14.3;;;;;;
179;20121219;Еда;бананы;1.5;14.0;21.0;;;;;;
180;20121219;Еда;Скумбрия;0.6;37.0;22.2;;;;;;
181;20121219;Прочее;Подарок конструктор;1.0;270.6;270.6;;;;;;
182;20121219;Еда;Сметана;0.4;22.5;9.0;;;;;;
183;20121222;Прочее;Проезд;1.0;150.0;150.0;;;;;;
184;20121222;Еда;Капуста пекинская;1.0;10.8;10.8;;;;;;
185;20121222;Еда;Лимон;1.0;3.67;3.67;;;;;;
186;20121222;Еда;Гвоздика;1.0;3.89;3.89;;;;;;
187;20121222;Еда;Базилик сушеный;1.0;3.49;3.49;;;;;;
188;20121222;Хоз.Товары;Кружка эмалированая 1.5 литра;1.0;45.0;45.0;;;;;;
189;20121225;Еда;Яйца;10.0;1.247;12.469999;;;;;;
190;20121225;Хоз.Товары;Стиральный порошок Tide;1.0;8.39;8.39;;;;;;
191;20121225;Еда;Свинина подчеревка;1.2;50.0;60.000004;;;;;;
192;20121225;Еда;Куриное филе;1.05;40.14;42.146996;;;;;;
193;20121226;Еда;Мандарины;1.2;18.0;21.6;;;;;;
194;20121226;Еда;бананы;1.1;14.3;15.7300005;;;;;;
195;20121228;Хоз.Товары;Шланг заливной для стиральной машины;1.0;20.09;20.09;;;;;;
196;20121228;Хоз.Товары;Силлит чистящее средство;1.0;26.4;26.4;;;;;;
197;20121228;Хоз.Товары;Очки защитные;1.0;14.33;14.33;;;;;;
198;20121228;Хоз.Товары;Хомут затяжной 25мм;1.0;2.8;2.8;;;;;;
199;20121228;Хоз.Товары;Клей Момент сверхпрочный;1.0;11.98;11.98;;;;;;
200;20121228;Хоз.Товары;Отрезной круг армированный;2.0;25.0;50.0;;;;;;
201;20121228;Хоз.Товары;Шлифмашина прямая;1.0;300.0;300.0;;;;;;
202;20121230;Хоз.Товары;Кран водяной;1.0;95.0;95.0;;;;;;
203;20121230;Хоз.Товары;Шланг для крана;1.0;30.0;30.0;;;;;;
204;20121230;Еда;Творог;1.5;33.35;50.024998;;;;;;
205;20121230;Еда;Редька белая;1.0;15.0;15.0;;;;;;
206;20121230;Еда;Редька зеленая;1.0;15.0;15.0;;;;;;
207;20121230;Еда;Морковь;2.0;6.0;12.0;;;;;;
208;20121230;Еда;Укроп;2.0;3.0;6.0;;;;;;
209;20121230;Еда;Тыква;3.0;5.0;15.0;;;;;;
210;20121230;Хоз.Товары;Паяльник;1.0;50.0;50.0;;;;;;
211;20121230;Хоз.Товары;Подставка для паяльника;1.0;30.0;30.0;;;;;;
212;20121230;Хоз.Товары;Припой;1.0;30.0;30.0;;;;;;
213;20121230;Хоз.Товары;Флюс;1.0;20.0;20.0;;;;;;
214;20121230;Хоз.Товары;Пакетник;1.0;20.0;20.0;;;;;;
215;20121230;Хоз.Товары;Ответвитель трубы;1.0;40.0;40.0;;;;;;
216;20121230;Хоз.Товары;Переходник трубы;1.0;20.0;20.0;;;;;;
217;20121230;Хоз.Товары;Крепление трубы;2.0;20.0;40.0;;;;;;
218;20121230;Хоз.Товары;Штепсель;2.0;7.5;15.0;;;;;;
219;20130103;Хоз.Товары;Переходник трубы;1.0;10.0;10.0;;;;;;
220;20130103;Еда;Творог;2.0;35.0;70.0;;;;;;
221;20130103;Еда;Яблоки;1.0;10.0;10.0;;;;;;
222;20130103;Еда;бананы;1.28;15.0;19.199999;;;;;;
223;20130103;Еда;Куриные бедрышки;0.9;33.0;29.699999;;;;;;
224;20130103;Еда;Морская капуста;2.0;14.0;28.0;;;;;;
225;20130103;Еда;Скумбрия;1.0;28.89;28.89;;;;;;
226;20130103;Еда;Крупа овсяная Геркулес;0.8;16.9;13.5199995;;;;;;
227;20130104;Еда;Капуста пекинская;1.45;10.0;14.5;;;;;;
228;20130104;Еда;Макароны;1.0;11.0;11.0;;;;;;
229;20130104;Еда;Куриные бедрышки;1.12;32.0;35.84;;;;;;
230;20130104;Кварт. услуги;Электричество;159.0;0.285;45.315;;;;;;
231;20130104;Кварт. услуги;Квартира;1.0;411.1;411.1;;;;;;
232;20130106;Еда;Творог;2.0;30.0;60.0;;;;;;
233;20130106;Еда;Сметана;0.45;18.89;8.5005;;;;;;
234;20130106;Еда;Гречка;1.0;10.0;10.0;;;;;;
235;20130106;Еда;Картошка;3.34;3.0;10.0199995;;;;;;
236;20130107;Еда;бананы;1.176;13.99;16.45224;;;;;;
237;20130107;Еда;Куриное филе;0.9;40.55;36.495;;;;;;
238;20130107;Еда;Соль йодированная;1.0;2.69;2.69;;;;;;
239;20130107;Еда;Соль экстра;1.0;10.49;10.49;;;;;;
240;20130108;Кварт. услуги;Интернет;6.0;100.0;600.0;;;;;;
241;20130109;Еда;Масло оливковое;0.5;114.8;57.4;;;;;;
242;20130109;Еда;Капуста;0.936;4.49;4.2026396;;;;;;
243;20130109;Еда;Редька зеленая;0.78;5.99;4.6721997;;;;;;
244;20130109;Еда;Мандарины;1.258;17.77;22.35466;;;;;;
245;20130109;Еда;Сельдерей;1.23;9.99;12.2877;;;;;;
246;20130110;Хоз.Товары;Зубная паста Lacalut fluor;1.0;19.53;19.53;;;;;;
247;20130110;Еда;Куриное филе;1.13;40.0;45.2;;;;;;
248;20130110;Еда;Свинина подчеревка;1.1;47.0;51.7;;;;;;
249;20130111;Еда;Творог;1.955;30.0;58.65;;;;;;
250;20130113;Еда;Изюм;0.572;70.0;40.04;;;;;;
251;20130113;Еда;Картошка;3.0;4.0;12.0;;;;;;
252;20130114;Еда;Творог;2.0;35.0;70.0;;;;;;
253;20130114;Еда;бананы;1.6;13.0;20.800001;;;;;;
254;20130114;Еда;Скумбрия;0.846;34.8;29.4408;;;;;;
255;20130114;Еда;Сметана;0.45;20.0;9.0;;;;;;
256;20130115;Еда;Капуста;2.35;3.49;8.2015;;;;;;
257;20130115;Еда;Яблоки;1.435;6.49;9.313149;;;;;;
258;20130115;Хоз.Товары;Супница;3.0;27.95;83.850006;;;;;;
259;20130117;Еда;Гречка;2.0;9.5;19.0;;;;;;
260;20130117;Еда;Творог;2.09;30.0;62.699997;;;;;;
261;20130120;Еда;Творог;1.72;25.0;43.0;;;;;;
262;20130120;Еда;Картошка;11.0;2.0;22.0;;;;;;
263;20130121;Еда;Сметана;0.4;19.625;7.85;;;;;;
264;20130121;Хоз.Товары;Зубная паста Lacalut basic;1.0;17.99;17.99;;;;;;
265;20130123;Прочее;Кафе;1.0;41.0;41.0;;;;;;
266;20130123;Прочее;Открытие счета в ProCreditBank;1.0;100.0;100.0;;;;;;
267;20130123;Еда;Мандарины;1.346;14.33;19.28818;;;;;;
268;20130123;Еда;бананы;1.762;12.69;22.35978;;;;;;
269;20130123;Еда;Яблоки;1.598;7.99;12.76802;;;;;;
270;20130123;Хоз.Товары;Шампунь Head&Shoulders;0.75;99.08;74.31;;;;;;
271;20130124;Прочее;Стрижка;1.0;50.0;50.0272;20130124;Еда;Редька зеленая;1.71;4.5;7.695
273;20130124;Еда;Индюшатина;1.15;48.9;56.235;;;;;;
274;20130124;Еда;Куриные бедрышки;1.165;30.5;35.532497;;;;;;
275;20130126;Еда;Творог;2.0;30.0;60.0;;;;;;
276;20130127;Еда;Морковь;2.17;6.0;13.02;;;;;;
277;20130127;Еда;Приправы;0.05;300.0;15.0;;;;;;
278;20130127;Еда;Курага;1.0;50.0;50.0;;;;;;
279;20130127;Еда;Изюм;1.0;60.0;60.0;;;;;;
280;20130127;Еда;Инжир;0.5;60.0;30.0;;;;;;
281;20130127;Еда;Дыня сушеная;2.0;10.0;20.0;;;;;;
282;20130127;Еда;Куриное филе;0.95;39.8;37.809998;;;;;;
283;20130127;Прочее;Помощ;1.0;50.0;50.0;;;;;;
284;20130128;Еда;Сельдерей;1.105;8.99;9.933949;;;;;;
285;20130128;Еда;Капуста пекинская;0.94;5.99;5.6306;;;;;;
286;20130130;Прочее;Монопод;1.0;95.0;95.0;;;;;;
287;20130201;Еда;Творог;3.0;30.0;90.0;;;;;;
288;20130201;Еда;Сметана;0.45;21.1;9.495;;;;;;
289;20130201;Еда;Куриное филе;1.15;39.8;45.769997;;;;;;
290;20130201;Еда;Мандарины;1.908;17.99;34.32492;;;;;;
291;20130201;Еда;Яблоки;1.508;9.49;14.31092;;;;;;
292;20130201;Еда;бананы;1.452;12.69;18.42588;;;;;;
293;20130201;Хоз.Товары;Мыло хозяйственное;2.0;3.5;7.0;;;;;;
294;20130202;Прочее;Чесалка;1.0;15.0;15.0;;;;;;
295;20130202;Снаряжение;Фара велосипедная;1.0;220.0;220.0;;;;;;
296;20130202;Кварт. услуги;Портмоне;1.0;9.9;9.9;;;;;;
297;20130202;Кварт. услуги;Электричество;117.0;0.28;32.76;;;;;;
298;20130203;Еда;Морская капуста;1.0;14.0;14.0;;;;;;
299;20130203;Еда;Мидии;0.5;40.4;20.2;;;;;;
300;20130203;Еда;Творог;3.0;30.0;90.0;;;;;;
301;20130203;Еда;Филе семги;0.97;90.0;87.3;;;;;;
302;20130203;Еда;Куриные бедрышки;1.128;31.04;35.013123;;;;;;
303;20130204;Снаряжение;Фара велосипедная;1.0;220.0;220.0;;;;;;
304;20130205;Прочее;Единый социальный налог;1.0;393.5;393.5;;;;;;
305;20130205;Прочее;Аренда рабочего места;1.0;300.0;300.0;;;;;;
306;20130205;Прочее;Банковская операция;2.0;15.0;30.0;;;;;;
307;20130205;Кварт. услуги;Квартира;1.0;411.1;411.1;;;;;;
308;20130205;Снаряжение;Фонарь велосипедный задний;1.0;130.0;130.0;;;;;;
309;20130207;Еда;Куриное филе;1.03;39.8;40.994;;;;;;
310;20130207;Еда;бананы;1.345;12.99;17.47155;;;;;;
311;20130209;Электроника;Лента светодиодная;2.5;80.0;200.0;;;;;;
312;20130209;Электроника;Блок питания 12В;1.0;90.0;90.0;;;;;;
313;20130209;Электроника;Коннектор к светодиодной ленте;1.0;10.0;10.0;;;;;;
314;20130209;Еда;Куриные бедрышки;1.1;31.04;34.07;;;;;;
315;20130210;Еда;Творог;0.5;38.4;19.2;;;;;;
316;20130210;Еда;Гречка;2.0;10.0;20.0;;;;;;
317;20130210;Еда;Овсяные хлопья;1.0;13.0;13.0;;;;;;
318;20130210;Еда;бананы;1.67;12.99;21.7;;;;;;
319;20130210;Еда;Творог;2.68;30.0;80.4;;;;;;
320;20130211;Еда;Морская капуста;2.06;14.0;28.9;;;;;;
321;20130211;Еда;Яблоки;2.05;7.77;15.93;;;;;;
322;20130211;Еда;Уксус столовый 750г;1.0;5.89;5.89;;;;;;
323;20130211;Еда;Перец душистый;2.0;3.49;6.98;;;;;;
324;20130211;Еда;Лавровый лист;2.0;3.49;6.98;;;;;;
325;20130213;Еда;Укроп;1.0;3.0;3.0;;;;;;
326;20130213;Еда;Петрушка;1.0;3.0;3.0;;;;;;
327;20130213;Хоз.Товары;Стиральный порошок Tide;9.0;20.55;184.95;;;;;;
328;20130213;Хоз.Товары;Провод 2х0.75;5.0;2.4;12.0;;;;;;
329;20130213;Хоз.Товары;Штекерный разъем;1.0;10.0;10.0;;;;;;
330;20130213;Хоз.Товары;Термоусадка 6мм;1.0;4.0;4.0;;;;;;
331;20130213;Хоз.Товары;Термоусадка 10мм;1.0;5.0;5.0;;;;;;
332;20130213;Хоз.Товары;Шурупы 30х3;100.0;0.07;7.0;;;;;;
333;20130216;Еда;Творог;3.0;30.0;90.0;;;;;;
334;20130216;Еда;Сметана;0.45;18.33;8.25;;;;;;
335;20130216;Еда;Мандарины;1.07;17.0;18.25;;;;;;
336;20130216;Еда;Редька красная;0.82;5.5;4.5;;;;;;
337;20130216;Снаряжение;Турник;1.0;186.0;186.0;;;;;;
338;20130216;Снаряжение;Гриф гантельный;1.0;120.0;120.0;;;;;;
339;20130217;Еда;Капуста;2.1;4.0;8.4;;;;;;
340;20130217;Еда;Куриное филе;1.0;39.8;39.8;;;;;;
341;20130217;Еда;Куриные бедрышки;1.1;31.04;34.1;;;;;;
342;20130217;Еда;Масло оливковое;1.0;110.03;110.03;;;;;;
343;20130217;Еда;Уксус яблочный 0.75;1.0;35.09;35.09;;;;;;
344;20130217;Еда;Уксус бальзамичный 0.25;1.0;32.94;32.94;;;;;;
345;20130217;Еда;Хлеб заварной;1.0;4.87;4.87;;;;;;
346;20130217;Еда;Сельдерей;1.11;9.99;11.09;;;;;;
347;20130217;Еда;Сыр Камамбер;1.0;21.74;21.74;;;;;;
348;20130220;Еда;Творог;3.0;30.0;90.0;;;;;;
349;20130220;Еда;Сметана;0.45;17.22;7.75;;;;;;
350;20130220;Еда;бананы;1.36;14.0;19.0;;;;;;
351;20130221;Еда;Куриные бедрышки;1.25;39.8;49.8;;;;;;
352;20130221;Еда;Куриное филе;1.0;31.04;31.07;;;;;;
353;20130221;Еда;Редька красная;1.14;5.5;6.25;;;;;;
354;20130224;Еда;Гречка;2.0;14.0;28.0;;;;;;
355;20130224;Медицина;Хлорофиллипт;1.0;4.24;4.24;;;;;;
356;20130224;Медицина;Пипетка;2.0;1.05;2.1;;;;;;
357;20130224;Еда;Яблоки;2.144;9.89;21.2;;;;;;
358;20130224;Еда;Редька белая;1.386;3.99;5.53;;;;;;
359;20130224;Еда;Мандарины;1.54;15.39;23.7;;;;;;
360;20130227;Еда;бананы;1.385;13.99;19.38;;;;;;
361;20130228;Прочее;Разное;1.0;150.0;150.0;;;;;;
362;20130301;Прочее;Пополнение мобильного;1.0;203.0;203.0;;;;;;
363;20130302;Прочее;Веловыставка;1.0;20.0;20.0;;;;;;
364;20130302;Еда;Мандарины;1.585;19.49;30.89;;;;;;
365;20130302;Еда;Хлеб батон;1.0;3.89;3.89;;;;;;
366;20130302;Прочее;Комиссия за снятие наличных. Приватбанк;1.0;40.0;40.0;;;;;;
367;20130303;Еда;Куриные бедрышки;1.15;31.04;35.57;;;;;;
368;20130303;Еда;Куриное филе;1.05;39.8;41.7;;;;;;
369;20130305;Еда;Сухофрукты;3.64;55.0;200.0;;;;;;
370;20130306;Хоз.Товары;Шурупы 40х4 нерж;20.0;0.475;9.5;;;;;;
371;20130306;Хоз.Товары;Шуруп с дюбелем;4.0;7.35;29.4;;;;;;
372;20130306;Хоз.Товары;Анкерный болт;2.0;12.55;25.1;;;;;;
373;20130306;Прочее;Цветы герберы;2.0;58.7;117.4;;;;;;
374;20130306;Прочее;Цветы на работе;1.0;70.0;70.0;;;;;;
375;20130307;Кварт. услуги;Абонплата Портмоне;1.0;9.9;9.9;;;;;;
376;20130307;Кварт. услуги;Электричество;130.0;0.2802;36.43;;;;;;
377;20130307;Кварт. услуги;Квартира;1.0;407.92;407.92;;;;;;
378;20130308;Еда;Мандарины;1.428;14.98;21.39;;;;;;
379;20130308;Еда;Яблоки;2.356;9.59;22.59;;;;;;
380;20130308;Еда;бананы;1.328;14.49;19.24;;;;;;
381;20130308;Еда;Индюшатина;0.99;49.8;49.3;;;;;;
382;20130308;Еда;Капуста;2.0;3.0;6.0;;;;;;
383;20130309;Еда;Творог;1.44;50.0;72.0;;;;;;
384;20130312;Еда;Куриное филе;1.06;39.8;42.35;;;;;;
385;20130312;Еда;Гречка;2.7;9.77;26.38;;;;;;
386;20130313;Еда;Творог;0.8;50.0;40.0;;;;;;
387;20130314;Еда;Творог;2.0;30.0;60.0;;;;;;
388;20130314;Еда;Творог;0.23;45.65;10.5;;;;;;
389;20130314;Еда;бананы;1.67;15.0;25.05;;;;;;
390;20130314;Еда;Скумбрия;0.9;34.8;31.32;;;;;;
391;20130314;Еда;Моская капуста;0.97;14.0;13.6;;;;;;
392;20130314;Еда;Мидии;0.89;40.8;36.3;;;;;;
393;20130316;Еда;Хлеб заварной;1.0;4.47;4.47;;;;;;
394;20130316;Еда;Масло сливочное;1.0;16.49;16.49;;;;;;
395;20130316;Еда;Гвоздика;1.0;5.15;5.15;;;;;;
396;20130316;Хоз.Товары;Бур 10х160;1.0;10.2;10.2;;;;;;
397;20130316;Прочее;ФПУ+ФАИ;1.0;270.0;270.0;;;;;;
398;20130316;Прочее;Единый социальный налог;1.0;398.01;398.01;;;;;;
399;20130316;Прочее;Аренда рабочего места;1.0;300.0;300.0;;;;;;
400;20130317;Еда;Морковь;2.0;5.0;10.0;;;;;;
401;20130317;Еда;Мандарины;1.25;15.0;18.75;;;;;;
402;20130317;Еда;Редька зеленая;0.8;25.0;20.0;;;;;;
403;20130317;Еда;Куриное филе;1.04;39.8;41.25;;;;;;
404;20130317;Хоз.Товары;Перфоратор;1.0;998.0;998.0;;;;;;
405;20130317;Хоз.Товары;Патрон SDS-сверло;1.0;55.0;55.0;;;;;;
406;20130317;Хоз.Товары;Бур 6х110;1.0;10.0;10.0;;;;;;
407;20130317;Хоз.Товары;Дюбели 4х50;100.0;0.06;6.0;;;;;;
408;20130317;Хоз.Товары;Рукав ПЭ;5.0;5.0;25.0;;;;;;
409;20130317;Хоз.Товары;Таз квадратный;1.0;15.0;15.0;;;;;;
410;20130319;Еда;Картошка;3.57;3.5;12.5;;;;;;
411;20130319;Еда;Творог;2.16;30.0;64.8;;;;;;
412;20130319;Еда;Чай зеленый;1.0;7.0;7.0;;;;;;
413;20130320;Электроника;Блок питания регулируемый 12В 3.2А;1.0;94.0;94.0;;;;;;
414;20130323;Еда;бананы;1.514;15.99;24.21;;;;;;
415;20130323;Еда;Мандарины;1.728;14.99;25.9;;;;;;
416;20130323;Еда;Мандарины;1.276;9.99;12.75;;;;;;
417;20130323;Еда;Творог;2.0;30.0;60.0;;;;;;
418;20130323;Еда;Зелень;2.0;3.0;6.0;;;;;;
419;20130323;Еда;Куриные бедрышки;1.15;31.04;35.6;;;;;;
420;20130324;Еда;Капуста;2.0;6.0;12.0;;;;;;
421;20130324;Еда;Картошка;2.5;6.0;15.0;;;;;;
422;20130324;Еда;Свинина грудинка;0.84;57.0;47.6;;;;;;
423;20130324;Еда;Яйца;10.0;0.95;9.5;;;;;;
424;20130324;Еда;Куриные ноги;0.51;27.0;13.9;;;;;;
425;20130324;Медицина;Грелка;1.0;26.66;26.66;;;;;;
426;20130327;Медицина;Пломба;1.0;250.0;250.0;;;;;;
427;20130327;Еда;Творог;2.05;30.0;61.5;;;;;;
428;20130327;Еда;Картошка;4.0;4.0;16.0;;;;;;
429;20130327;Еда;Куриные бедрышки;1.06;31.04;33.0;;;;;;
430;20130331;Еда;Яблоки;2.44;10.0;24.4;;;;;;
431;20130331;Еда;Куриное филе;1.18;39.8;47.04;;;;;;
432;20130331;Еда;Куриные окорочка;1.22;24.0;29.3;;;;;;
434;20130331;Еда;Сельдерей;0.87;15.0;13.0;;;;;;
435;20130331;Еда;Капуста;2.25;4.0;9.0;;;;;;
436;20130331;Еда;Апельсины;1.08;13.0;14.0;;;;;;
437;20130331;Еда;Творог;2.15;30.0;64.5;;;;;;
438;20130331;Хоз.Товары;Мыло туалетное;2.0;3.0;6.0;;;;;;
439;20130331;Одежда;Реглан;1.0;320.0;320.0;;;;;;
440;20130331;Одежда;Гольф;2.0;150.0;300.0;;;;;;
441;20130331;Еда;Гречка;2.02;6.29;12.7;;;;;;
442;20130331;Еда;Рис;1.35;9.43;12.73;;;;;;
443;20130401;Еда;бананы;1.28;16.99;21.75;;;;;;
444;20130406;Электроника;DVD-диск;7.0;4.0;28.0;;;;;;
445;20130406;Еда;Куриные бедрышки;1.1;31.04;34.14;;;;;;
446;20130406;Еда;Индюшиные обрезки;1.14;36.9;42.07;;;;;;
447;20130407;Кварт. услуги;Квартира;1.0;411.1;411.1;;;;;;
448;20130407;Кварт. услуги;Электричество;133.0;0.28;37.24;;;;;;
449;20130407;Кварт. услуги;Портмоне;1.0;9.9;9.9;;;;;;
450;20130407;Еда;Творог;0.75;35.0;26.25;;;;;;
451;20130407;Еда;Морковь;0.5;6.0;3.0;;;;;;
452;20130408;Еда;бананы;1.41;15.99;22.48;;;;;;
453;20130409;Еда;Творог;3.05;30.0;91.5;;;;;;
454;20130410;Хоз.Товары;Поверка счетчиков;1.0;230.0;230.0;;;;;;
455;20130411;Еда;Мидии;0.735;40.8;29.99;;;;;;
456;20130411;Еда;Скумбрия;1.01;34.8;35.0;;;;;;
457;20130411;Еда;Мандарины;1.03;16.0;16.5;;;;;;
458;20130411;Еда;Яблоки;1.95;12.5;24.38;;;;;;
459;20130411;Еда;бананы;1.43;15.0;21.5;;;;;;
460;20130411;Еда;Яйца;10.0;0.85;8.5;;;;;;
461;20130414;Еда;Куриное филе;1.06;39.8;42.0;;;;;;
462;20130414;Еда;Куриные ноги;1.0;27.5;27.4;;;;;;
463;20130414;Еда;Изюм;1.0;60.0;60.0;;;;;;
464;20130414;Еда;Щербет;0.3;50.0;15.0;;;;;;
465;20130414;Электроника;Флэш-карта Transcend SDHC 32Gb;2.0;187.5;375.0;;;;;;
466;20130416;Еда;Редиска;0.33;30.0;10.0;;;;;;
467;20130417;Еда;Творог;3.29;30.0;98.7;;;;;;
468;20130417;Прочее;WizzAir club;1.0;320.0;320.0;;;;;;
469;20130417;Прочее;Авиабилет Wizzair София - Киев;1.0;219.0;219.0;;;;;;
470;20130417;Еда;Редиска;1.0;15.0;15.0;;;;;;
471;20130417;Еда;Хлеб заварной;1.0;4.49;4.49;;;;;;
472;20130417;Еда;Мандарины;1.63;14.29;23.29;;;;;;
473;20130417;Еда;Масло оливковое;1.0;91.84;91.84;;;;;;
474;20130418;Прочее;Покупка евро;370.0;10.74;3973.8;;;;;;
475;20130419;Одежда;Футболка Lafuma;1.0;213.0;213.0;;;;;;
476;20130419;Одежда;Штаны Millet;1.0;425.0;425.0;;;;;;
477;20130419;Одежда;Куртка RH+;1.0;765.0;765.0;;;;;;
478;20130419;Одежда;Посылка из Симферополя;1.0;20.0;20.0;;;;;;
479;20130421;Еда;бананы;1.17;16.0;18.7;;;;;;
480;20130421;Еда;Петрушка;1.0;3.0;3.0;;;;;;
481;20130421;Еда;Лук зеленый;1.0;3.0;3.0;;;;;;
482;20130421;Еда;Филе семги;0.95;75.0;71.0;;;;;;
483;20130421;Еда;Гречка;2.0;9.0;18.0;;;;;;
484;20130421;Хоз.Товары;Удлинитель 5м;1.0;42.0;42.0;;;;;;
485;20130421;Хоз.Товары;Зубная паста Жемчуг;1.0;8.0;8.0;;;;;;
486;20130421;Хоз.Товары;Мыло туалетное;1.0;10.25;10.25;;;;;;
487;20130421;Хоз.Товары;Болт;1.0;1.0;1.0;;;;;;
488;20130423;Еда;Яблоки;2.0;10.0;20.0;;;;;;
489;20130423;Еда;Капуста пекинская;1.0;6.0;6.0;;;;;;
490;20130423;Медицина;Йоддицерин;1.0;8.6;8.6;;;;;;
491;20130424;Еда;Творог;3.5;30.0;105.0;;;;;;
492;20130424;Еда;бананы;1.45;15.0;21.7;;;;;;
493;20130424;Еда;Куриное филе;0.99;39.98;39.5;;;;;;
494;20130424;Еда;Редиска;1.0;16.0;16.0;;;;;;
495;20130427;Еда;Зелень;0.5;30.0;15.0;;;;;;
496;20130427;Еда;Яблоки;2.08;12.0;25.0;;;;;;
497;20130427;Еда;Творог;1.05;30.0;31.5;;;;;;
498;20130427;Еда;Куриные бедрышки;0.97;32.68;31.8;;;;;;
499;20130427;Еда;Чай черный;1.0;15.0;15.0;;;;;;
500;20130427;Электроника;Sandisk CF card 32gb;1.0;883.0;883.0;;;;;;
501;20130430;Еда;Куриное филе;1.0;39.98;40.0;;;;;;
502;20130430;Еда;Капуста;1.89;4.5;8.5;;;;;;
503;20130430;Прочее;Авиабилет Wizzair Киев - София;1.0;507.0;507.0;;;;;;
504;20130430;Еда;бананы;1.13;14.99;17.0;;;;;;
505;20130430;Еда;Апельсины;2.04;16.0;32.6;;;;;;
506;20130430;Еда;Петрушка;1.0;3.0;3.0;;;;;;
507;20130501;Еда;Салат;0.52;25.0;13.0;;;;;;
508;20130501;Еда;Укроп;0.062;80.0;4.96;;;;;;
509;20130501;Еда;Гречка;1.79;6.19;11.08;;;;;;
510;20130501;Еда;Масло сливочное;1.0;13.72;13.72;;;;;;
511;20130501;Еда;Хлеб заварной;1.0;3.86;3.86;;;;;;
512;20130503;Прочее;Стрижка;1.0;50.0;50.0;;;;;;
513;20130504;Электроника;Фонарик налобный;1.0;35.0;35.0;;;;;;
514;20130504;Еда;Куриные бедрышки;0.78;24.0;18.72;;;;;;
515;20130504;Еда;Куриное филе;0.41;39.98;16.31;;;;;;
516;20130504;Еда;Редиска;1.0;16.0;16.0;;;;;;
517;20130504;Кварт. услуги;ГИОЦ;1.0;391.68;391.68;;;;;;
518;20130504;Кварт. услуги;Портмоне;1.0;9.9;9.9;;;;;;
519;20130504;Кварт. услуги;Электричество;104.0;0.2802;29.14;;;;;;
520;20130504;Прочее;Мобильный;1.0;203.0;203.0;;;;;;
521;20130512;Еда;бананы;1.3;13.5;17.5;;;;;;
522;20130512;Еда;Яблоки;2.33;13.5;31.5;;;;;;
523;20130512;Еда;Зелень;2.0;3.5;7.0;;;;;;
524;20130512;Еда;Куриное филе;1.05;39.98;41.98;;;;;;
525;20130512;Еда;Четверть задняя куриная;1.03;24.0;24.62;;;;;;
526;20130514;Электроника;Аккумулятор BP-4L;1.0;72.0;72.0;;;;;;
527;20130516;Еда;Творог;0.46;38.65;17.78;;;;;;
528;20130516;Еда;Хлеб заварной;1.0;4.69;4.69;;;;;;
529;20130516;Еда;бананы;1.585;13.99;22.17;;;;;;
530;20130518;Еда;Куриное филе;0.96;39.98;38.58;;;;;;
531;20130518;Еда;Куриные бедрышки;1.06;34.0;36.02;;;;;;
532;20130518;Еда;Салат;1.0;8.0;8.0;;;;;;
533;20130518;Еда;Мята;1.0;4.0;4.0;;;;;;
534;20130518;Еда;Сухофрукты;1.0;280.0;280.0;;;;;;
535;20130518;Еда;Специи;1.0;15.0;15.0;;;;;;
536;20130518;Еда;Морковь;2.0;6.0;12.0;;;;;;
537;20130518;Еда;Скумбрия;0.91;35.0;31.9;;;;;;
538;20130518;Хоз.Товары;Оргстекло;1.0;80.0;80.0;;;;;;
539;20130518;Хоз.Товары;Брусок;1.0;30.0;30.0;;;;;;
540;20130518;Хоз.Товары;Дихлорэтан;1.0;35.0;35.0;;;;;;
541;20130518;Хоз.Товары;Двухсторонний скотч;1.0;12.0;12.0;;;;;;
542;20130518;Прочее;Поездка на Боржаву;1.0;1780.0;1780.0;;;;;;
543;20130520;Еда;Творог;0.92;38.65;35.56;;;;;;
544;20130520;Еда;Салат;1.0;5.0;5.0;;;;;;
545;20130520;Еда;Мята;1.0;3.0;3.0;;;;;;
546;20130521;Еда;Творог;0.92;40.17;36.96;;;;;;
547;20130522;Еда;Зелень;1.0;17.0;17.0;;;;;;
548;20130523;Еда;Творог;1.95;30.0;58.5;;;;;;
549;20130523;Еда;Огурцы;1.11;9.0;10.0;;;;;;
550;20130523;Еда;Яблоки;1.32;14.0;18.5;;;;;;
551;20130523;Еда;бананы;1.62;13.49;21.85;;;;;;
552;20130523;Хоз.Товары;Суперклей;1.0;6.0;6.0;;;;;;
553;20130523;Хоз.Товары;Нить капроновая;1.0;3.5;3.5;;;;;;
554;20130523;Еда;Индюшатина;1.0;49.8;49.8;;;;;;
555;20130524;Электроника;Eneloop AAA x8;1.0;200.0;200.0;;;;;;
556;20130524;Электроника;Battery 20Ah ;1.0;176.0;176.0;;;;;;
557;20130526;Еда;Куриное филе;1.25;39.98;49.8;;;;;;
558;20130526;Еда;Мидии;0.625;40.8;25.5;;;;;;
559;20130526;Еда;Скумбрия;1.0;34.8;34.85;;;;;;
560;20130526;Еда;Яблоки;2.43;14.0;34.0;;;;;;
561;20130526;Еда;Салат;1.0;4.0;4.0;;;;;;
562;20130526;Еда;Базелик;1.0;5.0;5.0;;;;;;
563;20130526;Еда;Укроп;1.0;3.0;3.0;;;;;;
564;20130526;Еда;Мята;1.0;3.0;3.0;;;;;;
565;20130527;Еда;Куриные бедрышки;1.13;29.98;33.8;;;;;;
566;20130527;Еда;Сахар;2.54;5.49;13.94;;;;;;
567;20130527;Еда;Соль йодированная экстра;1.0;10.09;10.09;;;;;;
568;20130527;Еда;Перец черный горошек;1.0;2.99;2.99;;;;;;
569;20130527;Еда;бананы;1.165;13.49;15.72;;;;;;
570;20130527;Еда;Гречка;2.49;6.09;15.16;;;;;;
571;20130528;Еда;Творог;3.05;27.5;84.0;;;;;;
572;20130528;Еда;Огурцы;1.0;15.0;15.0;;;;;;
573;20130529;Электроника;Слуховой аппарат;2.0;200.0;400.0;;;;;;
574;20130529;Снаряжение;Рога для руля велосипеда;1.0;136.0;136.0;;;;;;
575;20130529;Снаряжение;Очки велосипедные;1.0;252.0;252.0;;;;;;
576;20130529;Снаряжение;Держатель велосипедный для GPS;1.0;80.0;80.0;;;;;;
577;20130530;Еда;Редиска;1.0;15.0;15.0;;;;;;
578;20130530;Еда;Чеснок;3.0;3.0;9.0;;;;;;
579;20130530;Еда;Мята;1.0;4.0;4.0;;;;;;
580;20130530;Еда;Укроп;1.0;3.0;3.0;;;;;;
581;20130530;Еда;Базилик;2.0;5.0;10.0;;;;;;
582;20130530;Еда;Салат;1.0;6.0;6.0;;;;;;
583;20130531;Снаряжение;Крепление GOPRO на трипод;1.0;42.0;42.0;;;;;;
584;20130531;Снаряжение;Багажник велосипедный;1.0;365.0;365.0;;;;;;
585;20130531;Снаряжение;Фляга;1.0;50.0;50.0;;;;;;
586;20130531;Снаряжение;Фляга;1.0;36.0;36.0;;;;;;
587;20130531;Снаряжение;Флягодержатель;2.0;50.0;100.0;;;;;;
588;20130531;Снаряжение;Велошорты;1.0;462.0;462.0;;;;;;
589;20130602;Снаряжение;Воланчики;1.0;58.0;58.0;;;;;;
590;20130602;Хоз.Товары;Нож;1.0;45.0;45.0;;;;;;
591;20130602;Хоз.Товары;Брусок точильный;1.0;10.0;10.0;;;;;;
592;20130602;Хоз.Товары;Винты;1.0;1.5;1.5;;;;;;
593;20130602;Хоз.Товары;Линейка металлическая;1.0;35.0;35.0;;;;;;
594;20130602;Хоз.Товары;Струбцина;1.0;30.0;30.0;;;;;;
595;20130602;Еда;Семга;1.0;60.0;60.0;;;;;;
596;20130602;Еда;Овсяные хлопья;3.0;7.0;21.0;;;;;;
597;20130602;Еда;Морковь;2.83;6.0;17.0;;;;;;
598;20130602;Еда;Куриные бедрышки;1.02;29.98;30.7;;;;;;
599;20130602;Прочее;Столовая;1.0;94.0;94.0;;;;;;
600;20130602;Медицина;Пиносол;1.0;16.95;16.95;;;;;;
601;20130602;Медицина;Салфетки антисептические;1.0;3.5;3.5;;;;;;
602;20130604;Снаряжение;Каремат;2.0;105.0;210.0;;;;;;
603;20130604;Снаряжение;Стяжка;2.0;8.0;16.0;;;;;;
604;20130604;Прочее;Комиссия за снятие наличных. Приватбанк;1.0;10.0;10.0;;;;;;
605;20130604;Еда;Огурцы;1.33;15.0;20.0;;;;;;
606;20130604;Еда;Помидоры;0.71;28.0;20.0;;;;;;
607;20130604;Еда;Базилик;2.0;4.0;8.0;;;;;;
608;20130604;Еда;Творог;3.02;30.0;90.6;;;;;;
609;20130605;Еда;Чай зеленый;1.0;7.0;7.0;;;;;;
610;20130605;Снаряжение;Велотуфли Shimano MT-43;1.0;949.0;949.0;;;;;;
611;20130605;Снаряжение;Педали контактные Shimano SP-520;1.0;410.0;410.0;;;;;;
612;20130605;Еда;Куриные окорочка;1.3;27.5;35.72;;;;;;
613;20130605;Кварт. услуги;Портмоне;1.0;9.9;9.9;;;;;;
614;20130605;Кварт. услуги;Электричество;111.0;0.28;31.08;;;;;;
615;20130605;Кварт. услуги;Квартира;1.0;378.62;378.62;;;;;;
616;20130606;Хоз.Товары;Ключ гаечный 15мм;1.0;18.14;18.14;;;;;;
617;20130606;Хоз.Товары;Литол-24 150мл;1.0;9.0;9.0;;;;;;
618;20130606;Хоз.Товары;WD-40 100ml;1.0;34.0;34.0;;;;;;
619;20130607;Хоз.Товары;Ключ гаечный 13мм;1.0;10.0;10.0;;;;;;
620;20130607;Хоз.Товары;Ключ шестигранный 6мм;1.0;10.0;10.0;;;;;;
621;20130607;Хоз.Товары;Кусок трубы;1.0;10.0;10.0;;;;;;
622;20130607;Еда;Зелень;1.0;16.0;16.0;;;;;;
623;20130607;Еда;Куриное филе;1.13;39.98;45.0;;;;;;
624;20130609;Еда;Сыр пирятинский сливочный;1.0;28.19;28.19;;;;;;
625;20130609;Еда;Хлеб белый;1.0;4.5;4.5;;;;;;
626;20130609;Еда;бананы;1.055;10.49;11.07;;;;;;
627;20130609;Еда;Огурцы;1.29;8.5;11.0;;;;;;
628;20130609;Хоз.Товары;Ключ торцевой;1.0;80.0;80.0;;;;;;
629;20130609;Хоз.Товары;Головка торцевая 14 мм;1.0;10.0;10.0;;;;;;
630;20130609;Хоз.Товары;Головка торцевая 15 мм;1.0;10.0;10.0;;;;;;
631;20130609;Хоз.Товары;Сверло 6мм;1.0;7.0;7.0;;;;;;
632;20130609;Хоз.Товары;Сверло 8мм;1.0;10.0;10.0;;;;;;
633;20130609;Еда;Творог;0.92;40.17;36.96;;;;;;
634;20130609;Прочее;Стрижка;1.0;40.0;40.0;;;;;;
635;20130611;Хоз.Товары;Мыло хозяйственное;2.0;4.0;8.0;;;;;;
636;20130611;Еда;Творог;3.25;30.0;97.5;;;;;;
637;20130611;Еда;Куриные бедрышки;1.55;24.0;37.1;;;;;;
638;20130611;Еда;Редиска;1.0;10.0;10.0;;;;;;
639;20130611;Еда;Салат;1.0;4.0;4.0;;;;;;
640;20130611;Еда;бананы;1.39;13.0;18.1;;;;;;
641;20130618;Еда;Куриные бедрышки;1.0;30.0;30.0;;;;;;
642;20130618;Прочее;Фестиваль огня;1.0;25.0;25.0;;;;;;
643;20130618;Еда;Черешня;1.04;24.0;25.0;;;;;;
644;20130618;Еда;Салат;1.0;3.0;3.0;;;;;;
645;20130618;Медицина;Клей медицинский;1.0;19.6;19.6;;;;;;
646;20130618;Медицина;Перчатки;1.0;1.0;1.0;;;;;;
647;20130618;Еда;Куриное филе;1.25;39.98;50.05;;;;;;
648;20130618;Еда;Свиная подчеревка;1.55;48.5;75.3;;;;;;
649;20130618;Еда;бананы;1.2;13.0;15.6;;;;;;
650;20130618;Еда;Сыр пирятинский сливочный;1.0;20.0;20.0;;;;;;
651;20130618;Еда;Хлеб отрубной;1.0;4.5;4.5;;;;;;
652;20130618;Еда;Гречка;2.5;7.0;17.5;;;;;;
653;20130618;Еда;Рис;2.4;6.8;16.32;;;;;;
654;20130618;Снаряжение;То велосипеда;1.0;275.0;275.0;;;;;;
655;20130618;Снаряжение;Сумка подседельная;1.0;65.0;65.0;;;;;;
656;20130618;Снаряжение;Камера велосипедная;2.0;60.0;120.0;;;;;;
657;20130618;Снаряжение;Тросик блокировочный велосипедный;1.0;70.0;70.0;;;;;;
658;20130618;Еда;Творог;0.92;39.09;35.96;;;;;;
659;20130619;Еда;Творог;0.92;42.0;38.64;;;;;;
660;20130619;Еда;бананы;1.5;12.0;18.0;;;;;;
661;20130620;Еда;Куриные бедрышки;1.0;39.98;39.8;;;;;;
662;20130620;Еда;Салат;1.0;4.0;4.0;;;;;;
663;20130620;Еда;Базилик;1.0;6.0;6.0;;;;;;
664;20130621;Еда;Помидоры;0.95;19.0;18.0;;;;;;
665;20130621;Еда;Куриное филе;1.24;39.98;49.66;;;;;;
666;20130621;Еда;Творог;1.15;41.26;47.45;;;;;;
667;20130623;Еда;Салат;2.0;3.0;6.0;;;;;;
668;20130623;Еда;бананы;1.33;12.0;16.0;;;;;;
669;20130623;Еда;Персики;0.53;30.0;16.0;;;;;;
670;20130623;Еда;Сухофрукты;3.0;50.0;150.0;;;;;;
671;20130623;Еда;Редиска;2.0;8.0;16.0;;;;;;
672;20130623;Хоз.Товары;Самоклеящаяся пленка;1.0;15.0;15.0;;;;;;
673;20130623;Еда;Гречка;2.11;6.09;12.85;;;;;;
674;20130623;Еда;Творог;1.15;36.83;42.35;;;;;;
675;20130624;Еда;Куриные бедрышки;0.98;29.96;29.5;;;;;;
676;20130624;Еда;Черешня;1.0;25.0;25.0;;;;;;
677;20130625;Еда;Творог;1.15;36.83;42.35;;;;;;
678;20130625;Еда;Огурцы;1.25;5.99;7.5;;;;;;
679;20130626;Прочее;Отпугиватель кротов на солнечной батарее;2.0;71.0;142.0;;;;;;
680;20130626;Прочее;Концерт в доме органной музыки;1.0;30.0;30.0;;;;;;
681;20130626;Еда;Помидоры;1.5;12.0;18.0;;;;;;
682;20130626;Еда;Черешня;1.17;25.0;29.2;;;;;;
683;20130626;Еда;Персики;0.7;28.0;19.5;;;;;;
684;20130627;Прочее;Страховка туристическая;1.0;40.0;40.0;;;;;;
685;20130627;Прочее;Страховка спортивная;1.0;107.0;107.14;;;;;;
686;20130628;Хоз.Товары;Стиральный порошок Tide;1.0;12.5;12.5;;;;;;
687;20130628;Хоз.Товары;Ватные палочки;1.0;8.0;8.0;;;;;;
688;20130628;Хоз.Товары;Зубная паста Новый жемчуг;1.0;8.0;8.0;;;;;;
689;20130628;Хоз.Товары;Мыло туалетное;1.0;5.3;5.3;;;;;;
690;20130628;Хоз.Товары;Банка стеклянная 1.5л с крышкой;2.0;25.0;50.0;;;;;;
691;20130628;Еда;бананы;1.17;12.0;14.0;;;;;;
692;20130628;Еда;Творог;1.0;28.0;28.0;;;;;;
693;20130628;Еда;Куриное филе;1.39;39.96;55.6;;;;;;
694;20130628;Еда;Куриные бедрышки;1.1;29.98;32.95;;;;;;
695;20130629;Электроника;Зарядное устройство для Canon BP511;1.0;43.0;43.0;;;;;;
696;20130630;Прочее;Сатсанг;1.0;50.0;50.0;;;;;;
697;20130630;Еда;Мороженое;2.0;7.75;15.5;;;;;;
698;20130630;Еда;Творог;3.0;28.0;84.0;;;;;;
699;20130630;Еда;Морковь;2.0;5.0;10.0;;;;;;
700;20130630;Еда;Укроп;1.0;3.0;3.0;;;;;;
701;20130630;Еда;Базелик;1.0;3.0;3.0;;;;;;
702;20130630;Еда;Помидоры;1.0;8.0;8.0;;;;;;
703;20130630;Еда;Огурцы;1.0;8.0;8.0;;;;;;
704;20130630;Еда;Салат;1.0;3.0;3.0;;;;;;
705;20130630;Еда;Малина;0.25;40.0;10.0;;;;;;
706;20130630;Еда;Черешня;1.0;26.0;26.0;;;;;;
707;20130630;Еда;Персики;1.0;30.0;30.0;;;;;;
708;20130630;Снаряжение;Поясная сумка Deuter Nordic 1;1.0;174.0;174.0;;;;;;
709;20130630;Прочее;3Д очки;1.0;19.0;19.0;;;;;;
710;20130630;Прочее;Комиссия за снятие наличных. Приватбанк;1.0;30.0;30.0;;;;;;
711;20130703;Прочее;Пополнение мобильного;1.0;304.5;304.5;;;;;;
712;20130703;Прочее;Портмоне;1.0;9.9;9.9;;;;;;
713;20130703;Прочее;Распечатка билетов;3.0;0.7;2.1;;;;;;
714;20130703;Еда;бананы;1.045;11.99;12.53;;;;;;
715;20130703;Еда;Персики;0.625;27.99;17.49;;;;;;
716;20130704;Еда;Куриные бедрышки;1.32;29.96;39.6;;;;;;
717;20130704;Еда;Зелень;1.0;11.0;11.0;;;;;;
718;20130704;Еда;Персики;0.5;15.0;7.5;;;;;;
719;20130704;Кварт. услуги;Электричество;116.0;0.2802;32.5;;;;;;
720;20130704;Кварт. услуги;Квартира;1.0;362.38;362.38;;;;;;
721;20130704;Кварт. услуги;Интернет;1.0;100.0;100.0;;;;;;
722;20130714;Еда;Куриные бедрышки;0.99;29.96;29.6;;;;;;
723;20130714;Еда;Куриное филе;1.26;39.98;50.5;;;;;;
724;20130714;Еда;бананы;1.39;13.0;18.1;;;;;;
725;20130714;Еда;Базилик;1.0;3.0;3.0;;;;;;
726;20130714;Еда;Персики;0.53;13.0;6.89;;;;;;
727;20130714;Еда;Нектарины;0.63;19.2;12.0;;;;;;
728;20130716;Еда;Масло сливочное;1.0;13.69;13.69;;;;;;
729;20130716;Еда;Творог;0.92;39.08;35.95;;;;;;
730;20130716;Еда;Персики;0.715;19.99;14.29;;;;;;
731;20130717;Еда;Закваска;1.0;12.49;12.49;;;;;;
732;20130717;Еда;Персики;0.5;20.0;10.0;;;;;;
733;20130717;Еда;бананы;1.19;13.0;15.5;;;;;;
734;20130717;Еда;Огурцы;1.23;6.9;8.5;;;;;;
735;20130718;Еда;Куриные бедрышки;1.01;29.96;30.3;;;;;;
736;20130718;Еда;Куриное филе;1.05;39.98;41.8;;;;;;
737;20130718;Еда;Персики-инжир;0.5;26.0;13.0;;;;;;
738;20130718;Еда;Хлеб бородянский;1.0;4.69;4.69;;;;;;
739;20130718;Еда;Творог;0.92;48.87;44.96;;;;;;
740;20130718;Еда;Крупа пшено;1.0;5.71;5.71;;;;;;
741;20130718;Еда;Сыр звенигора;1.0;27.69;27.69;;;;;;
742;20130718;Еда;Крупа пшеница;1.0;4.69;4.69;;;;;;
743;20130718;Еда;Гречка;2.2;5.99;13.18;;;;;;
744;20130718;Прочее;Билет на поезд плацкарт;1.0;117.0;117.0;;;;;;
745;20130718;Прочее;Билет на поезд купе;1.0;167.15;167.15;;;;;;
746;20130718;Прочее;Билет на поезд купе;1.0;186.11;186.11;;;;;;
747;20130718;Прочее;Билет на поезд купе;1.0;167.57;167.57;;;;;;
748;20130718;Прочее;Билет на поезд купе;1.0;193.7;193.7;;;;;;
749;20130719;Еда;Персики;0.88;20.0;17.5;;;;;;
750;20130719;Еда;Помидоры;0.8;10.0;8.0;;;;;;
751;20130719;Еда;Укроп;1.0;3.0;3.0;;;;;;
752;20130720;Одежда;Туфли летние;1.0;500.0;500.0;;;;;;
753;20130720;Электроника;Жесткий диск WD 3TB;1.0;1231.0;1231.0;;;;;;
754;20130720;Хоз.Товары;Плед флисовый;1.0;114.0;114.0;;;;;;
755;20130720;Еда;Скумбрия;1.01;34.8;35.3;;;;;;
756;20130720;Еда;Мидии;0.77;40.8;31.3;;;;;;
757;20130722;Прочее;Андрей. на соревнование;1.0;200.0;200.0;;;;;;
758;20130722;Прочее;Подарок ДР;1.0;200.0;200.0;;;;;;
759;20130722;Прочее;бананы;0.87;13.0;11.3;;;;;;
760;20130722;Прочее;Абрикосы;0.7;20.0;14.0;;;;;;
761;20130722;Прочее;Укроп;1.0;3.0;3.0;;;;;;
762;20130722;Прочее;Базилик;1.0;3.0;3.0;;;;;;
763;20130723;Еда;Чеснок;0.08;20.0;1.5;;;;;;
764;20130723;Еда;Огурцы;1.17;6.0;7.0;;;;;;
765;20130723;Еда;Куриные бедрышки;1.12;29.96;33.6;;;;;;
766;20130726;Еда;Абрикосы;0.5;20.0;10.0;;;;;;
767;20130726;Еда;бананы;1.58;13.0;20.6;;;;;;
768;20130726;Еда;Помидоры;1.0;6.0;6.0;;;;;;
769;20130726;Еда;Перец;0.5;20.0;10.0;;;;;;
770;20130726;Еда;Персики;1.0;20.0;20.0;;;;;;
771;20130726;Еда;Куриные бедрышки;0.97;29.96;29.0;;;;;;
772;20130726;Еда;Салат;1.0;5.0;5.0;;;;;;
773;20130726;Еда;Базилик;1.0;4.0;4.0;;;;;;
774;20130726;Еда;Укроп;1.0;3.0;3.0;;;;;;
775;20130727;Еда;Скумбрия;0.82;34.8;28.5;;;;;;
776;20130727;Еда;Персики;1.0;12.0;12.0;;;;;;
777;20130727;Еда;Творог;2.74;30.0;82.2;;;;;;
778;20130727;Еда;Огурцы;1.0;8.0;8.0;;;;;;
779;20130727;Еда;Морковь;1.0;10.0;10.0;;;;;;
780;20130801;Еда;Персики;0.92;12.0;11.0;;;;;;
781;20130801;Еда;Куриные бедрышки;1.03;29.96;30.9;;;;;;
782;20130801;Еда;Базилик;1.0;2.0;2.0;;;;;;
783;20130801;Еда;Куриное филе;1.18;39.98;47.0;;;;;;
784;20130801;Прочее;Помощь;1.0;101.0;101.0;;;;;;
785;20130801;Еда;бананы;1.3;13.0;16.85;;;;;;
786;20130801;Еда;Персики;0.63;12.0;7.5;;;;;;
787;20130801;Еда;Салат;1.0;5.0;5.0;;;;;;
788;20130806;Еда;Выезд в Карпаты;1.0;400.0;400.0;;;;;;
789;20130806;Еда;Помощь;1.0;250.0;250.0;;;;;;
790;20130806;Еда;Укроп;1.0;3.0;3.0;;;;;;
791;20130806;Еда;Базилик;2.0;3.0;6.0;;;;;;
792;20130806;Еда;Огурцы;1.0;8.5;8.5;;;;;;
793;20130806;Еда;Портмоне;1.0;9.9;9.9;;;;;;
794;20130806;Еда;Интернет;1.0;100.0;100.0;;;;;;
795;20130806;Еда;Квартира;1.0;359.2;359.2;;;;;;
796;20130806;Еда;Электричество;129.0;0.2802;36.15;;;;;;
797;20130808;Еда;Куриное филе;0.94;39.98;37.5;;;;;;
798;20130808;Еда;Помидоры;1.02;8.0;8.2;;;;;;
799;20130808;Еда;Персики;0.67;15.0;10.0;;;;;;
800;20130808;Еда;Перец;0.58;12.0;7.0;;;;;;
801;20130809;Еда;бананы;1.32;14.0;18.5;;;;;;
802;20130809;Еда;Творог;1.07;30.0;32.1;;;;;;
803;20130809;Еда;Груши;1.15;6.0;6.9;;;;;;
804;20130810;Еда;Голубика;2.0;30.0;60.0;;;;;;
805;20130810;Еда;Имбирь;0.365;30.0;10.95;;;;;;
806;20130810;Еда;Куркума;0.07;130.0;9.1;;;;;;
807;20130810;Еда;Имбирь молотый;0.07;130.0;9.1;;;;;;
808;20130810;Еда;Семга;1.45;65.0;94.0;;;;;;
809;20130810;Еда;Базилик;1.0;2.0;2.0;;;;;;
810;20130810;Еда;Базилик;1.0;3.0;3.0;;;;;;
811;20130810;Еда;Укроп;1.0;2.0;2.0;;;;;;
812;20130810;Еда;Салат;1.0;3.0;3.0;;;;;;
813;20130810;Одежда;Брюки светлые;1.0;169.0;169.0;;;;;;
814;20130810;Одежда;Шорты светлые;1.0;199.0;199.0;;;;;;
815;20130810;Одежда;Футболка красная безрукавка;1.0;139.0;139.0;;;;;;
816;20130810;Одежда;Футболка белая Demix;1.0;249.0;249.0;;;;;;
817;20130810;Одежда;Футболка белая Demix;1.0;129.0;129.0;;;;;;
818;20130810;Одежда;Тениска Outventure;1.0;99.0;99.0;;;;;;
819;20130810;Одежда;Теннисный мячик;1.0;12.0;12.0;;;;;;
820;20130811;Медицина;Крем против солнечных ожогов;1.0;38.7;38.7;;;;;;
821;20130812;Прочее;Прогулка на каяке;1.0;150.0;150.0;;;;;;
822;20130813;Еда;Крупа пшеница;1.74;4.26;7.41;;;;;;
823;20130813;Еда;Гречка;1.965;5.99;11.77;;;;;;
824;20130813;Еда;Творог;0.69;44.09;30.42;;;;;;
825;20130815;Еда;Персики;1.08;25.0;27.0;;;;;;
826;20130815;Еда;Салат;1.0;6.0;6.0;;;;;;
827;20130815;Еда;Базилик;1.0;3.0;3.0;;;;;;
828;20130815;Еда;Куриные бедрышки;1.07;29.96;32.0;;;;;;
829;20130815;Еда;Перец;0.53;15.0;8.0;;;;;;
830;20130815;Еда;Творог;1.38;44.5;61.41;;;;;;
831;20130815;Еда;Куриные бедрышки;0.9;29.96;27.0;;;;;;
832;20130815;Еда;Страховка туристическая;1.0;136.0;136.0;;;;;;
833;20130815;Еда;Фотография 10х15;1.0;1.5;1.5;;;;;;
834;20130815;Еда;Печать и копии;14.0;0.5;7.0;;;;;;
835;20130815;Еда;Огурцы;1.0;8.0;8.0;;;;;;
836;20130817;Еда;Творог;2.0;33.0;66.0;;;;;;
837;20130817;Еда;Помидоры;1.0;10.0;10.0;;;;;;
838;20130817;Еда;Перец;0.58;12.0;7.0;;;;;;
839;20130817;Еда;Базилик;1.0;3.0;3.0;;;;;;
840;20130817;Еда;Слива;1.0;10.0;10.0;;;;;;
841;20130817;Хоз.Товары;Зубная паста Новый жемчуг;1.0;8.1;8.1;;;;;;
842;20130817;Еда;Морковь;1.0;10.0;10.0;;;;;;
843;20130817;Еда;бананы;1.15;13.0;15.0;;;;;;
844;20130817;Еда;Куриные бедрышки;1.44;29.96;43.0;;;;;;
845;20130819;Еда;Слива;1.0;12.0;12.0;;;;;;
846;20130819;Еда;Куриное филе;1.21;39.98;48.3;;;;;;
847;20130819;Еда;Укроп;1.0;3.0;3.0;;;;;;
848;20130819;Прочее;Помощь;1.0;300.0;300.0;;;;;;
849;20130820;Прочее;Взнос в Фонд взаимопомощи;1.0;250.0;250.0;;;;;;
850;20130821;Еда;Творог;0.69;44.5;30.7;;;;;;
851;20130821;Еда;бананы;1.1;13.0;14.3;;;;;;
852;20130821;Еда;Персики;0.75;18.0;13.5;;;;;;
853;20130821;Еда;Слива;0.6;10.0;6.0;;;;;;
854;20130822;Еда;Персики;1.4;16.0;22.4;;;;;;
855;20130822;Еда;Салат;1.0;5.0;5.0;;;;;;
856;20130823;Еда;Персики;1.17;12.0;14.0;;;;;;
857;20130823;Еда;Перец;1.25;12.0;15.0;;;;;;
858;20130823;Еда;Базилик;1.0;4.0;4.0;;;;;;
859;20130823;Еда;Творог;1.15;41.26;47.45;;;;;;
860;20130824;Еда;Куриные бедрышки;1.5;29.96;44.9;;;;;;
861;20130824;Еда;Куриное филе;0.96;39.98;38.4;;;;;;
862;20130824;Еда;Укроп;2.0;2.5;5.0;;;;;;
863;20130824;Еда;Огурцы;1.0;10.0;10.0;;;;;;
864;20130828;Прочее;Стрижка;1.0;50.0;50.0;;;;;;
865;20130828;Еда;Виноград;1.0;20.0;20.0;;;;;;
866;20130828;Еда;Творог;2.0;30.5;61.0;;;;;;
867;20130828;Еда;Салат;1.0;3.0;3.0;;;;;;
868;20130828;Медицина;Сорбекс;1.0;18.7;18.7;;;;;;
869;20130828;Медицина;Имодиум;1.0;22.34;22.34;;;;;;
870;20130828;Медицина;Анальгин;1.0;1.5;1.5;;;;;;
871;20130828;Еда;Паштет печеночный;1.0;11.29;11.29;;;;;;
872;20130828;Еда;Паштет индюшиный;1.0;6.69;6.69;;;;;;
873;20130828;Еда;Консерва мясо курицы;1.0;12.59;12.59;;;;;;
874;20130828;Еда;Консерва сардины в масле;3.0;10.69;32.07;;;;;;
875;20130828;Еда;Гречка;2.02;5.79;11.72;;;;;;
876;20130828;Еда;Перец;0.93;15.0;14.0;;;;;;
877;20130828;Еда;Персики;0.72;18.0;13.0;;;;;;
878;20130828;Еда;Виноград;0.75;20.0;15.0;;;;;;
879;20130830;Медицина;Пломба;1.0;300.0;300.0;;;;;;
880;20130917;Еда;Творог;1.15;30.36;34.91;;;;;;
881;20130917;Еда;Укроп;1.0;3.0;3.0;;;;;;
882;20130917;Еда;Петрушка;1.0;3.0;3.0;;;;;;
883;20130917;Еда;Перец;0.77;10.0;7.7;;;;;;
884;20130917;Еда;Куриные бедрышки;1.26;29.96;37.75;;;;;;
885;20130917;Еда;Помидоры;1.2;7.5;9.0;;;;;;
886;20130917;Еда;Огурцы;1.0;8.0;8.0;;;;;;
887;20130917;Еда;бананы;1.05;13.0;13.6;;;;;;
888;20130919;Еда;Салат;1.0;3.0;3.0;;;;;;
889;20130919;Еда;Куриное филе;0.83;39.98;33.0;;;;;;
890;20130919;Еда;Куриные бедрышки;0.94;29.96;28.28;;;;;;
891;20130919;Еда;бананы;1.0;13.0;13.0;;;;;;
892;20130919;Еда;Виноград;1.0;20.0;20.0;;;;;;
893;20130919;Еда;Помидоры;1.0;8.0;8.0;;;;;;
894;20130919;Еда;Огурцы;1.2;7.5;9.0;;;;;;
895;20130919;Еда;Груши;1.04;12.0;12.5;;;;;;
896;20130919;Еда;Груши;1.02;14.4;14.65;;;;;;
897;20130920;Еда;Укроп;1.0;3.0;3.0;;;;;;
898;20130920;Еда;Петрушка;1.0;3.0;3.0;;;;;;
899;20130920;Еда;Творог;0.92;44.91;41.32;;;;;;
900;20130920;Еда;Гречка;1.895;5.84;11.07;;;;;;
901;20130922;Еда;Груши;1.0;12.0;12.0;;;;;;
902;20130922;Еда;Виноград;1.0;14.0;14.0;;;;;;
903;20130922;Еда;Виноград;1.1;20.0;22.0;;;;;;
904;20130922;Еда;Груши;2.05;12.0;24.6;;;;;;
905;20130922;Еда;Творог;2.27;30.0;68.0;;;;;;
906;20130922;Еда;Базилик;2.0;4.0;8.0;;;;;;
907;20130922;Еда;Куриное филе;1.03;39.98;41.0;;;;;;
908;20130922;Еда;Индюшатина;1.0;50.5;50.5;;;;;;
909;20130922;Еда;бананы;0.8;13.0;10.4;;;;;;
910;20130922;Еда;Виноград;1.2;14.0;16.8;;;;;;
911;20130922;Прочее;Пополнение мобильного;1.0;304.5;304.5;;;;;;
912;20130924;Еда;Помидоры;1.9;10.0;19.0;;;;;;
913;20130924;Еда;Огурцы;1.93;15.0;29.0;;;;;;
914;20130924;Еда;Перец;0.8;12.0;9.6;;;;;;
915;20130924;Еда;Перец;0.31;15.0;4.6;;;;;;
916;20130924;Еда;Укроп;1.0;3.0;3.0;;;;;;
917;20130924;Еда;Салат;1.0;4.0;4.0;;;;;;
918;20130926;Еда;Сыр Бри;0.115;197.0;22.66;;;;;;
919;20130926;Еда;Хлеб заварной;1.0;4.87;4.87;;;;;;
920;20130926;Еда;Шоколад;1.0;12.74;12.74;;;;;;
921;20130926;Еда;Куриное филе;1.1;39.98;44.15;;;;;;
922;20130926;Еда;Индюшатина;0.94;50.54;47.5;;;;;;
923;20130927;Еда;Виноград;1.3;20.0;26.0;;;;;;
924;20130927;Еда;Творог;2.0;30.0;60.0;;;;;;
925;20130927;Еда;Салфетки;1.0;8.7;8.7;;;;;;
926;20130927;Снаряжение;Диски для гантелей;2.0;29.0;58.0;;;;;;
927;20130927;Прочее;Билет на поезд купе;1.0;148.16;148.16;;;;;;
928;20130927;Прочее;Билет на поезд купе;1.0;171.75;171.75;;;;;;
929;20131001;Еда;бананы;1.15;13.0;15.0;;;;;;
930;20131001;Еда;Укроп;3.0;2.0;6.0;;;;;;
931;20131001;Еда;Перец;0.82;15.0;12.35;;;;;;
932;20131001;Еда;бананы;1.38;13.0;18.0;;;;;;
933;20131001;Еда;Виноград;1.0;21.0;21.0;;;;;;
934;20131001;Еда;Груши;2.08;12.0;25.0;;;;;;
935;20131001;Еда;Свиная подчеревка;1.28;52.5;67.2;;;;;;
936;20131002;Хоз.Товары;Картридж для фильтра воды;1.0;40.0;40.0;;;;;;
937;20131003;Хоз.Товары;Кислота лимонная;3.0;1.2;3.6;;;;;;
938;20131003;Хоз.Товары;Четверть задняя куриная;1.11;22.96;25.45;;;;;;
939;20131003;Хоз.Товары;Творог;0.92;41.87;38.52;;;;;;
940;20131003;Хоз.Товары;Хлеб бородянский;1.0;4.83;4.83;;;;;;
941;20131003;Хоз.Товары;Сыр Камамбер;0.115;201.65;23.19;;;;;;
942;20131003;Хоз.Товары;Масло сливочное;0.2;68.6;13.72;;;;;;
943;20131006;Еда;бананы;1.2;13.0;15.6;;;;;;
944;20131006;Еда;Зелень;4.0;2.5;10.0;;;;;;
945;20131006;Хоз.Товары;Порошок стиральный;1.0;12.5;12.5;;;;;;
946;20131006;Хоз.Товары;Зубная паста Новый жемчуг;1.0;8.19;8.19;;;;;;
947;20131006;Хоз.Товары;Шампунь Head&Shoulders;1.0;36.7;36.7;;;;;;
948;20131008;Еда;Куриные бедрышки;1.192;30.96;36.9

949;20131008;Еда;Творог;1.0;28.0;28.0

950;20131008;Еда;Виноград;1.07;20.0;18.7
949;20131008;Еда;Салат;1.0;5.0;5.0
950;20131008;Еда;Базилик;1.0;3.0;3.0
951;20131008;Еда;Укроп;2.0;3.0;6.0
952;20131008;Еда;Четверть задняя куриная;1.11;22.9;25.35
953;20131008;Еда;Куриное филе;1.2;39.98;48.15
954;20131008;Еда;бананы;1.67;13.0;21.75
955;20131008;Еда;Груши;1.25;12.0;15.0
956;20131008;Хоз.Товары;Мыло туалетное;1.0;11.0;11.0
957;20131008;Кварт. услуги;Интернет;1.0;100.0;100.0
958;20131008;Кварт. услуги;Портмоне;1.0;9.9;9.9
959;20131008;Кварт. услуги;Квартира;1.0;375.44;375.44
960;20131008;Кварт. услуги;Электричество;100.0;0.2802;28.02
949;20131014;Прочее;Поездка в Карпаты;1.0;400.0;400.0
950;20131014;Прочее;Комиссия за снятие наличных. Приватбанк;1.0;10.0;10.0
951;20131014;Еда;Гречка;2.445;5.87;14.35
952;20131014;Еда;Сахар;2.445;6.29;15.38
953;20131014;Еда;Творог;0.92;46.87;43.12
954;20131014;Еда;Перец;0.73;12.0;8.8
955;20131014;Еда;Виноград;1.25;15.0;18.8
956;20131014;Еда;Куриное филе;1.192;39.98;47.66
949;20131015;Еда;Куриные бедрышки;1.13;26.6;30.0
950;20131015;Еда;Сельдерей;0.48;25.0;12.0
951;20131015;Еда;бананы;1.11;13.0;14.4
949;20131017;Еда;Мед;5.0;30.0;150.0
950;20131017;Еда;Шоколад;1.0;24.94;24.94
951;20131017;Еда;Пакет подарочный;1.0;6.19;6.19
952;20131017;Еда;Хлеб заварной;1.0;4.74;4.74
953;20131017;Еда;Сыр Бергадер;1.0;22.39;22.39
954;20131017;Еда;Перец душистый;1.0;3.49;3.49
955;20131017;Еда;Перец черный горошек;1.0;3.49;3.49
956;20131017;Еда;Свиная подчеревка;1.05;53.0;55.9
957;20131017;Еда;Тыква;1.73;4.0;6.9
949;20131017;Еда;бананы;1.64;10.99;17.97
950;20131017;Еда;Творог;0.69;44.17;30.48
949;20131018;Еда;Перец;1.0;5.0;5.0
949;20131019;Еда;Огурцы;1.19;19.0;22.6
950;20131019;Еда;Помидоры;1.0;14.0;14.0
951;20131019;Еда;Творог;2.0;30.0;60.0
952;20131019;Еда;Сыр Бри;0.2;110.0;22.0
953;20131019;Снаряжение;Подушка надувная;1.0;12.0;12.0
954;20131019;Снаряжение;Очки велосипедные со сменными стеклами;1.0;350.0;350.0
955;20131019;Снаряжение;Очки солнцезащитные;1.0;280.0;280.0
956;20131019;Снаряжение;Микрофибровая протирка;1.0;15.0;15.0
957;20131019;Снаряжение;Чехол для очков;1.0;55.0;55.0
958;20131019;Одежда;Штаны Outventure;1.0;249.0;249.0
959;20131019;Одежда;Джинсы вельветовые;1.0;199.0;199.0
960;20131019;Еда;Помидоры;1.0;15.0;15.0
961;20131019;Еда;Зелень;2.0;3.0;6.0
962;20131019;Еда;Виноград;1.08;24.0;26.0
963;20131019;Еда;Груши;1.56;16.0;25.0
964;20131019;Хоз.Товары;Лопатка для обуви;1.0;28.0;28.0
